{"best_mpa": 0.8691307902336121, "train loss": 0.4223097860813141, "epoch": 1, "_timestamp": 1704928814.4176047, "_runtime": 242.57098579406738, "_step": 720, "val loss": 0.3738027934233348, "mean acc pixel": 0.8691307902336121, "mIoU": 0.7705046534538269, "fwIoU": 1.6475793017889373e-05, "predictions": {"_type": "table-file", "sha256": "198389a07e0399bba4724fdef64e457df495ce70b0159f47ff5b527ec93ec776", "size": 100, "artifact_path": "wandb-client-artifact://wyo3is1k14r9gno0jcknhtburvjyjoyjltothx78n7haxbqtrkhhu7qnih6uou02e5m3lozsmcargi5isvc6t3c6k8ybw42zwykhegc24icr0cg3pukyz9irqt5l7rku:latest/predictions.table.json", "_latest_artifact_path": "wandb-client-artifact://wyo3is1k14r9gno0jcknhtburvjyjoyjltothx78n7haxbqtrkhhu7qnih6uou02e5m3lozsmcargi5isvc6t3c6k8ybw42zwykhegc24icr0cg3pukyz9irqt5l7rku:latest/predictions.table.json", "path": "media/table/predictions_571_198389a07e0399bba472.table.json", "ncols": 5, "nrows": 75}, "epoch loss": 0.4050977576741423, "_wandb": {"runtime": 241}}