{"train loss": 0.20636990666389465, "step": 1539, "epoch": 3, "mean acc pixel train": 0.8639893333333334, "mIoU train": 0.07476693878630743, "fwIoU train": 0.21299365181376997, "_timestamp": 1704470281.5723472, "_runtime": 1052.6301002502441, "_step": 2423, "val loss": 2.424510955810547, "mean acc pixel": 0.627824, "mIoU": 0.04295546134764175, "predictions": {"_type": "table-file", "sha256": "7f3f2c0af861f44b39805556216d7913d5adc3c9b4fe2ccc7a79ae40ad7ad413", "size": 79, "artifact_path": "wandb-client-artifact://4vcktjvo7kkrcqruu4a8bd5hnus90slansvvd1m8oqktogsrhqr3rm8izmhil7lwzsrbj5mdvo3ohhi88okb9ndmrg7nzn2ziczkq1pe1ssio3b11ycgaw2xdoi5ecbv:latest/predictions.table.json", "_latest_artifact_path": "wandb-client-artifact://4vcktjvo7kkrcqruu4a8bd5hnus90slansvvd1m8oqktogsrhqr3rm8izmhil7lwzsrbj5mdvo3ohhi88okb9ndmrg7nzn2ziczkq1pe1ssio3b11ycgaw2xdoi5ecbv:latest/predictions.table.json", "path": "media/table/predictions_2130_7f3f2c0af861f44b3980.table.json", "ncols": 3, "nrows": 147}, "epoch loss": 0.17869937361740484, "_wandb": {"runtime": 1051}}