{"train loss": 0.5022784471511841, "epoch": 2, "_timestamp": 1704472900.4736156, "_runtime": 404.30368161201477, "_step": 847, "val loss": 0.23195405304431915, "mean acc pixel": 0.8041191836734694, "mIoU": 0.5917361156462588, "fwIoU": 3.2535091156462594, "predictions": {"_type": "table-file", "sha256": "37963925ce44e9b73783376803fd5076b239210047db6fc56fab65cf08d19167", "size": 91, "artifact_path": "wandb-client-artifact://cicvisf2tp9bfbrw3lfp9tt7zu40hkvaks7jgxyego3qltd0y7e1q6akyxaemrx69gdgm0re3lb4uu65agjdqzhnj6cl6lslomip5cmze2wanlf1ifm8byinsbb5a4hf:latest/predictions.table.json", "_latest_artifact_path": "wandb-client-artifact://cicvisf2tp9bfbrw3lfp9tt7zu40hkvaks7jgxyego3qltd0y7e1q6akyxaemrx69gdgm0re3lb4uu65agjdqzhnj6cl6lslomip5cmze2wanlf1ifm8byinsbb5a4hf:latest/predictions.table.json", "path": "media/table/predictions_514_37963925ce44e9b73783.table.json", "ncols": 4, "nrows": 147}, "epoch loss": 0.7984583668301746, "_wandb": {"runtime": 407}}