{"train loss": 0.25561657547950745, "epoch": 1, "_timestamp": 1704833839.2118192, "_runtime": 189.67599511146545, "_step": 512, "_wandb": {"runtime": 188}}