{"train loss": 0.21923992037773132, "epoch": 1, "_timestamp": 1704482074.4235835, "_runtime": 366.0360894203186, "_step": 685, "val loss": 0.23856636881828308, "mean acc pixel": 2.202300408163265, "mIoU": 0.4173863763447036, "fwIoU": 0.47623931375032913, "predictions": {"_type": "table-file", "sha256": "37963925ce44e9b73783376803fd5076b239210047db6fc56fab65cf08d19167", "size": 91, "artifact_path": "wandb-client-artifact://dbacz3q71xf7s0gtie2km4cjg8tceuabshkf0rfsqz21k802rjtbt79fz7ewwbcawae3lkqsjuvn83ylj8nuwjygf7gmbzmxpu32ebjg4dyotrgy2puebhbawzkpdf4w:latest/predictions.table.json", "_latest_artifact_path": "wandb-client-artifact://dbacz3q71xf7s0gtie2km4cjg8tceuabshkf0rfsqz21k802rjtbt79fz7ewwbcawae3lkqsjuvn83ylj8nuwjygf7gmbzmxpu32ebjg4dyotrgy2puebhbawzkpdf4w:latest/predictions.table.json", "path": "media/table/predictions_684_37963925ce44e9b73783.table.json", "ncols": 4, "nrows": 1}, "_wandb": {"runtime": 365}}