{"best_mpa": 0.8817329406738281, "train loss": 0.2720298171043396, "epoch": 1, "_timestamp": 1704923782.982157, "_runtime": 211.18755388259888, "_step": 806, "val loss": 0.32313382899274634, "mean acc pixel": 0.8817329406738281, "mIoU": 0.7899417281150818, "fwIoU": 1.781033097358886e-05, "predictions": {"_type": "table-file", "sha256": "198389a07e0399bba4724fdef64e457df495ce70b0159f47ff5b527ec93ec776", "size": 100, "artifact_path": "wandb-client-artifact://5bf6hgcswq0j28m2vam47ofvhvn7i4ce0zdqcbm06ehfosdvbs66ylbkmsvr2zpm0kvbygegjba0f2q8qwfy339k4ca8vkhd1ipojxjd7zt4i4igthhpmzrdm327p6zu:latest/predictions.table.json", "_latest_artifact_path": "wandb-client-artifact://5bf6hgcswq0j28m2vam47ofvhvn7i4ce0zdqcbm06ehfosdvbs66ylbkmsvr2zpm0kvbygegjba0f2q8qwfy339k4ca8vkhd1ipojxjd7zt4i4igthhpmzrdm327p6zu:latest/predictions.table.json", "path": "media/table/predictions_514_198389a07e0399bba472.table.json", "ncols": 5, "nrows": 147}, "_wandb": {"runtime": 210}}