{"train loss": 0.15739700198173523, "epoch": 3, "_timestamp": 1704833219.429055, "_runtime": 691.8203909397125, "_step": 2423, "val loss": 0.13788247108459473, "mean acc pixel": 0.9154184460639954, "mIoU": 0.8457414507865906, "fwIoU": 2.2012476620147936e-05, "predictions": {"_type": "table-file", "sha256": "dbd2ded195cd8a3363411a5fec533f9fbf6249c5873f9dfbc2c04e4e91624ffa", "size": 91, "artifact_path": "wandb-client-artifact://8d3v6cfxed7y3tlaclp6635gzru6tao4545p5xarr7xpiqf91qmg87chs1b60nsbhyantslxpblilvt4ubdc6kryxv1ueebm02wgr9067n8o19f6av494ylwmxmpvbks:latest/predictions.table.json", "_latest_artifact_path": "wandb-client-artifact://8d3v6cfxed7y3tlaclp6635gzru6tao4545p5xarr7xpiqf91qmg87chs1b60nsbhyantslxpblilvt4ubdc6kryxv1ueebm02wgr9067n8o19f6av494ylwmxmpvbks:latest/predictions.table.json", "path": "media/table/predictions_2130_dbd2ded195cd8a336341.table.json", "ncols": 4, "nrows": 147}, "epoch loss": 0.31015828751209307, "_wandb": {"runtime": 690}}