{"train loss": 0.6069774031639099, "epoch": 1, "_timestamp": 1704482589.595331, "_runtime": 191.27843689918518, "_step": 512, "_wandb": {"runtime": 190}}