{"train loss": 0.3210141658782959, "epoch": 1, "_timestamp": 1704922858.4272377, "_runtime": 183.61053776741028, "_step": 512, "_wandb": {"runtime": 182}}