{"train loss": 0.15300489962100983, "epoch": 3, "_timestamp": 1704480656.8698266, "_runtime": 961.7279496192932, "_step": 2423, "val loss": 0.27052736282348633, "mean acc pixel": 3.7838768979591832, "mIoU": 0.269802640106498, "fwIoU": 0.4711776578452283, "predictions": {"_type": "table-file", "sha256": "dbd2ded195cd8a3363411a5fec533f9fbf6249c5873f9dfbc2c04e4e91624ffa", "size": 91, "artifact_path": "wandb-client-artifact://gc7s2mcoxvfukkokcjy2g0wm2nh0jsdk15xeep2776t8wrgavd9fdgapew91bc614vnniv47z7npzshts1ncasbm3ppn3h4rp1whpcxrjw6yl11yfsnedeewfrlouln0:latest/predictions.table.json", "_latest_artifact_path": "wandb-client-artifact://gc7s2mcoxvfukkokcjy2g0wm2nh0jsdk15xeep2776t8wrgavd9fdgapew91bc614vnniv47z7npzshts1ncasbm3ppn3h4rp1whpcxrjw6yl11yfsnedeewfrlouln0:latest/predictions.table.json", "path": "media/table/predictions_2130_dbd2ded195cd8a336341.table.json", "ncols": 4, "nrows": 147}, "epoch loss": 0.29061681439236897, "_wandb": {"runtime": 961}}