{"best_mpa": 0.8747082948684692, "train loss": 0.4238436818122864, "epoch": 1, "_timestamp": 1704924047.8213453, "_runtime": 214.34679532051086, "_step": 807, "val loss": 0.3442689188483621, "mean acc pixel": 0.8747082948684692, "mIoU": 0.7788362503051758, "fwIoU": 1.8857735994970426e-05, "predictions": {"_type": "table-file", "sha256": "198389a07e0399bba4724fdef64e457df495ce70b0159f47ff5b527ec93ec776", "size": 100, "artifact_path": "wandb-client-artifact://vdlayufl23qjz641oclwary7mzjjwhad1z6vsrewtq5okbk71u0fk8l2c9t7pqud9l1i2qqlpcwjlrtykig9vlfsquq25hvgfgy0cpopsk0jlpnz5xn2lik4f0ymbawt:latest/predictions.table.json", "_latest_artifact_path": "wandb-client-artifact://vdlayufl23qjz641oclwary7mzjjwhad1z6vsrewtq5okbk71u0fk8l2c9t7pqud9l1i2qqlpcwjlrtykig9vlfsquq25hvgfgy0cpopsk0jlpnz5xn2lik4f0ymbawt:latest/predictions.table.json", "path": "media/table/predictions_514_198389a07e0399bba472.table.json", "ncols": 5, "nrows": 147}, "epoch loss": 0.407848256244892, "_wandb": {"runtime": 213}}