{"train loss": 0.39546138048171997, "epoch": 2, "_timestamp": 1704475150.1026974, "_runtime": 337.12913632392883, "_step": 823, "val loss": 10.033437728881836, "mean acc pixel": 3.5227326258503413, "mIoU": 0.5363284265306182, "fwIoU": 0.7613516733005586, "predictions": {"_type": "table-file", "sha256": "37963925ce44e9b73783376803fd5076b239210047db6fc56fab65cf08d19167", "size": 91, "artifact_path": "wandb-client-artifact://lgfsfzuj21av2zuiq7sraia9n90u9cnpao6vonizuvb9kgbjs7etjdyhb39htazh1grd9xwaezetj45250856hxkvfhlzea37x20dm9efs0sv986l83xkbcfihj9dxr1:latest/predictions.table.json", "_latest_artifact_path": "wandb-client-artifact://lgfsfzuj21av2zuiq7sraia9n90u9cnpao6vonizuvb9kgbjs7etjdyhb39htazh1grd9xwaezetj45250856hxkvfhlzea37x20dm9efs0sv986l83xkbcfihj9dxr1:latest/predictions.table.json", "path": "media/table/predictions_514_37963925ce44e9b73783.table.json", "ncols": 4, "nrows": 147}, "epoch loss": 0.8574916070845069, "_wandb": {"runtime": 335}}