{"train loss": 0.3758690655231476, "epoch": 1, "_timestamp": 1704482314.8006792, "_runtime": 39.16069316864014, "_step": 106, "_wandb": {"runtime": 38}}