{"train loss": 0.5459856986999512, "epoch": 1, "_timestamp": 1704922991.543672, "_runtime": 28.492542028427124, "_step": 74, "_wandb": {"runtime": 27}}