{"train loss": 0.3437776267528534, "epoch": 10, "_timestamp": 1704479036.2599337, "_runtime": 3182.950442790985, "_step": 8079, "val loss": 0.28556525707244873, "mean acc pixel": 0.09194097052154196, "mIoU": 0.2689278767776897, "fwIoU": 0.44387956763116926, "predictions": {"_type": "table-file", "sha256": "37963925ce44e9b73783376803fd5076b239210047db6fc56fab65cf08d19167", "size": 91, "artifact_path": "wandb-client-artifact://mokid92fsm46fstapa5alolfy078ac6xfexp1tt6ykdsmp779t46itks31vlnoo4uu12ix3auujp47qsqy6pb3u1clgwl2plutisl1qxy3jxsjuqf84u0ztm397vxs1m:latest/predictions.table.json", "_latest_artifact_path": "wandb-client-artifact://mokid92fsm46fstapa5alolfy078ac6xfexp1tt6ykdsmp779t46itks31vlnoo4uu12ix3auujp47qsqy6pb3u1clgwl2plutisl1qxy3jxsjuqf84u0ztm397vxs1m:latest/predictions.table.json", "path": "media/table/predictions_514_37963925ce44e9b73783.table.json", "ncols": 4, "nrows": 1470}, "epoch loss": 0.8086132810464719, "_wandb": {"runtime": 3181}}