{"train loss": 0.11643381416797638, "epoch": 7, "_timestamp": 1704485865.3652537, "_runtime": 2768.0104706287384, "_step": 5655, "val loss": 0.4188568592071533, "mean acc pixel": 3.8417012244897952, "mIoU": 0.8302836173432581, "fwIoU": 0.8432569345252793, "predictions": {"_type": "table-file", "sha256": "ad6ca8186bcfd2c69b828856268a87b85bcf74f943d5e487fae6df712e21fbeb", "size": 91, "artifact_path": "wandb-client-artifact://3nkphailtrhn2kyd2zlhxsrfobbk7sq84z1nv9zobstr9v7qwa7vfhsc9p6ynv6m3gsaz4hpxait5d1fq9wrf9f9u3hcu5248onl7kp99mk3l7oxsleakothcdtfigo5:latest/predictions.table.json", "_latest_artifact_path": "wandb-client-artifact://3nkphailtrhn2kyd2zlhxsrfobbk7sq84z1nv9zobstr9v7qwa7vfhsc9p6ynv6m3gsaz4hpxait5d1fq9wrf9f9u3hcu5248onl7kp99mk3l7oxsleakothcdtfigo5:latest/predictions.table.json", "path": "media/table/predictions_5654_ad6ca8186bcfd2c69b82.table.json", "ncols": 4, "nrows": 1}, "epoch loss": 0.20569100455721703, "_wandb": {"runtime": 2767}}