{"train loss": 0.16029174625873566, "epoch": 3, "_timestamp": 1704834602.0341613, "_runtime": 717.249858379364, "_step": 2423, "val loss": 0.14638477563858032, "mean acc pixel": 0.902720034122467, "mIoU": 0.8242354393005371, "fwIoU": 1.885157689685002e-05, "predictions": {"_type": "table-file", "sha256": "eb91e28cc3b2328694a4140ef5acd90346a606aeb8952bec9b25f409b07155dc", "size": 100, "artifact_path": "wandb-client-artifact://18dfil3652wpr47rhbmwmrjwtre65d9fkxm5hnupnxbqius20c0sfg9cdxk1tyo4o8rt6tl8vjgeyye3vl5k2mau3z5l6hos2jzmcsjk3bti0szqsuamnkmrugiplvfs:latest/predictions.table.json", "_latest_artifact_path": "wandb-client-artifact://18dfil3652wpr47rhbmwmrjwtre65d9fkxm5hnupnxbqius20c0sfg9cdxk1tyo4o8rt6tl8vjgeyye3vl5k2mau3z5l6hos2jzmcsjk3bti0szqsuamnkmrugiplvfs:latest/predictions.table.json", "path": "media/table/predictions_2130_eb91e28cc3b2328694a4.table.json", "ncols": 5, "nrows": 147}, "epoch loss": 0.335486868249207, "_wandb": {"runtime": 716}}