{"train loss": 0.35897698998451233, "epoch": 1, "_timestamp": 1704472186.0671535, "_runtime": 194.68022656440735, "_step": 512, "_wandb": {"runtime": 369}}