{"best_mpa": 0.8915665745735168, "train loss": 0.2849632799625397, "epoch": 3, "_timestamp": 1704929846.771733, "_runtime": 768.0382339954376, "_step": 2621, "val loss": 0.28863747450320615, "mean acc pixel": 0.8915665745735168, "mIoU": 0.8064833879470825, "fwIoU": 2.0634723114199005e-05, "predictions": {"_type": "table-file", "sha256": "eb91e28cc3b2328694a4140ef5acd90346a606aeb8952bec9b25f409b07155dc", "size": 100, "artifact_path": "wandb-client-artifact://88qvh3xqrraxjksbjzwjq1p2qnup4kcwcqcg8ig8y88od20hj5uarxwtks1wi7kwtsds7kln72x8ce92bcki0qdzw6beqysppyj4gvv2bqe50mczy7qjegv6wvwbaw2r:latest/predictions.table.json", "_latest_artifact_path": "wandb-client-artifact://88qvh3xqrraxjksbjzwjq1p2qnup4kcwcqcg8ig8y88od20hj5uarxwtks1wi7kwtsds7kln72x8ce92bcki0qdzw6beqysppyj4gvv2bqe50mczy7qjegv6wvwbaw2r:latest/predictions.table.json", "path": "media/table/predictions_2254_eb91e28cc3b2328694a4.table.json", "ncols": 5, "nrows": 184}, "epoch loss": 0.2747431156448521, "_wandb": {"runtime": 766}}