{"best_mpa": 0.8909744620323181, "train loss": 0.21022404730319977, "epoch": 3, "_timestamp": 1704930497.683728, "_runtime": 625.092141866684, "_step": 2369, "val loss": 0.2850030199975096, "mean acc pixel": 0.8909744620323181, "mIoU": 0.8049153089523315, "fwIoU": 2.0590245185303502e-05, "predictions": {"_type": "table-file", "sha256": "eb91e28cc3b2328694a4140ef5acd90346a606aeb8952bec9b25f409b07155dc", "size": 100, "artifact_path": "wandb-client-artifact://74h1s24ab6huzpo9teoc3yjd5j31r4sxb7d84h2igcowb2lvui7p9ekg0q9i1q0hmib8et1p5k4pp92ng6qxz6ov6831in7m6l361x8ylvyfd0kg917ig264w8s9p1xj:latest/predictions.table.json", "_latest_artifact_path": "wandb-client-artifact://74h1s24ab6huzpo9teoc3yjd5j31r4sxb7d84h2igcowb2lvui7p9ekg0q9i1q0hmib8et1p5k4pp92ng6qxz6ov6831in7m6l361x8ylvyfd0kg917ig264w8s9p1xj:latest/predictions.table.json", "path": "media/table/predictions_1998_eb91e28cc3b2328694a4.table.json", "ncols": 5, "nrows": 186}, "epoch loss": 0.2793112772896251, "_wandb": {"runtime": 623}}