{"train loss": 0.22109442949295044, "epoch": 1, "_timestamp": 1704481594.0779717, "_runtime": 294.0650067329407, "_step": 577, "val loss": 0.29913821816444397, "mean acc pixel": 0.8383251156462583, "mIoU": 0.1594954019690977, "fwIoU": 0.1847031389360401, "predictions": {"_type": "table-file", "sha256": "37963925ce44e9b73783376803fd5076b239210047db6fc56fab65cf08d19167", "size": 91, "artifact_path": "wandb-client-artifact://q6dksubw596xg8vpjivxghd2x1l0yxig55tjib3fogyz39gqff6iiex9z64zn1fdfwyb2c3pfeydfutf86jefmljmg6oijt18pkt4bv9yqma21f0zk4rov7i32kyy3um:latest/predictions.table.json", "_latest_artifact_path": "wandb-client-artifact://q6dksubw596xg8vpjivxghd2x1l0yxig55tjib3fogyz39gqff6iiex9z64zn1fdfwyb2c3pfeydfutf86jefmljmg6oijt18pkt4bv9yqma21f0zk4rov7i32kyy3um:latest/predictions.table.json", "path": "media/table/predictions_576_37963925ce44e9b73783.table.json", "ncols": 4, "nrows": 1}}