{"train loss": 0.7199953198432922, "step": 573, "epoch": 2, "mean acc pixel train": 1.3534613333333334, "mIoU train": 0.0, "fwIoU train": 0.0, "_timestamp": 1704468840.9948127, "_runtime": 279.905978679657, "_step": 867, "val loss": 0.9071395993232727, "mean acc pixel": 0.28591466666666665, "mIoU": 0.0, "predictions": {"_type": "table-file", "sha256": "7f3f2c0af861f44b39805556216d7913d5adc3c9b4fe2ccc7a79ae40ad7ad413", "size": 79, "artifact_path": "wandb-client-artifact://y7bxbfovin15ayt06a26sctb6y2eidd6c25q2g2jv4ugjl2zppep96ubzlv36kzcul9i1nqgk9dq0ssye3j1dc7pfsl291olb5b4qqhacdxdak4rocqk1ylkf8wj5r5k:latest/predictions.table.json", "_latest_artifact_path": "wandb-client-artifact://y7bxbfovin15ayt06a26sctb6y2eidd6c25q2g2jv4ugjl2zppep96ubzlv36kzcul9i1nqgk9dq0ssye3j1dc7pfsl291olb5b4qqhacdxdak4rocqk1ylkf8wj5r5k:latest/predictions.table.json", "path": "media/table/predictions_514_7f3f2c0af861f44b3980.table.json", "ncols": 3, "nrows": 147}, "Epoch loss": 24.7848835271232, "_wandb": {"runtime": 278}}